{
  "version": "7",
  "dialect": "postgresql",
  "entries": [
    {
      "idx": 0,
      "version": "7",
      "when": 1751512771180,
      "tag": "0000_green_epoch",
      "breakpoints": true
    },
    {
      "idx": 1,
      "version": "7",
      "when": 1752526750148,
      "tag": "0001_material_mandarin",
      "breakpoints": true
    },
    {
      "idx": 2,
      "version": "7",
      "when": 1752528351123,
      "tag": "0002_warm_lethal_legion",
      "breakpoints": true
    },
    {
      "idx": 3,
      "version": "7",
      "when": 1752610100803,
      "tag": "0003_watery_stepford_cuckoos",
      "breakpoints": true
    },
    {
      "idx": 4,
      "version": "7",
      "when": 1753272187994,
      "tag": "0004_lush_tombstone",
      "breakpoints": true
    },
    {
      "idx": 5,
      "version": "7",
      "when": 1753334239873,
      "tag": "0005_eminent_human_cannonball",
      "breakpoints": true
    },
    {
      "idx": 6,
      "version": "7",
      "when": 1753730230699,
      "tag": "0006_fantastic_aqueduct",
      "breakpoints": true
    },
    {
      "idx": 7,
      "version": "7",
      "when": 1753731366831,
      "tag": "0007_nosy_queen_noir",
      "breakpoints": true
    }
  ]
}