{
  "records": [
    {
      "id": "67a12d05e54e4402e241ad7a",
      "field_318": 1,
      "field_318_raw": 1,
      "field_4": "Akono Valenko",
      "field_4_raw": {
        "first": "Akono",
        "middle": "",
        "last": "Valenko",
        "title": "",
        "full": "Akono Valenko"
      },
      "field_19": "",
      "field_19_raw": [],
      "field_20": "",
      "field_20_raw": [],
      "field_21": "",
      "field_21_raw": [],
      "field_5": "<a href=\"mailto:user@test.com\">user@test.com</a>",
      "field_5_raw": {
        "email": "user@test.com",
        "label": "user@test.com"
      },
      "field_215": "",
      "field_215_raw": [],
      "field_319": "",
      "field_319_raw": "",
      "field_6_raw": "",
      "field_6": "",
      "field_517": "",
      "field_517_raw": "",
      "field_788_raw": "",
      "field_788": "",
      "field_519": "",
      "field_519_raw": "",
      "field_222": "",
      "field_222_raw": [],
      "field_320_raw": "",
      "field_320": "",
      "field_8": "",
      "field_8_raw": [""],
      "field_7": "active",
      "field_7_raw": "active",
      "field_472": 0,
      "field_472_raw": 0,
      "field_473": 0,
      "field_473_raw": 0,
      "field_474": "Tasks Assigned by Me (0)",
      "field_474_raw": "Tasks Assigned by Me (0)",
      "field_475": "Tasks Assigned to Me (0)",
      "field_475_raw": "Tasks Assigned to Me (0)",
      "field_631_raw": "",
      "field_631": "",
      "field_711": "$0.00",
      "field_711_raw": "0.00",
      "field_797_raw": "",
      "field_797": ""
    }
  ]
}
