{
  "name": "Amrize Company",
  "description": "Amrize company setup with users loaded from JSON file",
  "seed": 4001,
  "companies": [
    {
      "name": "Amrize",
      "slug": "amrize",
      "portfolioCount": 5,
      "usersFromFile": "seeding/Archive 1/users.json"
    }
  ],
  "loadFromFiles": {
    "instruments": "seeding/Archive 1/instruments.json",
    "timeTypes": "seeding/Archive 1/time_types.json",
    "sbus": "seeding/Archive 1/sbu.json",
    "departments": "seeding/Archive 1/departments.json",
    "groups": "seeding/Archive 1/groups.json",
    "teams": "seeding/Archive 1/teams.json",
    "programs": "seeding/Archive 1/programs.json"
  },
  "autoGenerate": {
    "departments": { "perCompany": 0 },
    "groups": { "perCompany": 0 },
    "teams": { "perGroup": 0 },
    "programs": { "perPortfolio": 0 },
    "projects": { 
      "perProgram": 4, 
      "projectConfigs": [
        {
          "requesting_department_name": "External"
        }
      ]
    },
    "sbus": { "perCompany": 0 },
    "tasks": { "perProject": 6 },
    "timeEntries": { "perProject": 2, "daysBack": 45 },
    "companySbus": { "perCompany": 19 }
  }
} 